en,ar
Intra-limb coordination involves the planning of trajectories in the Cartesian planes.,ينطوي التآزر بين الأطراف على تخطيط المسارات في المستويات الديكارتية.
to the lambrick foundation,في نخب مؤسسة (لامبريك).
whispering he can hear us,إن بإمكانه سماعنا .
A woman is doing inclined dumbbell presses at a gym.,امرأة تقوم بتمارين الدمبل وهي مائلة في صالة ألعاب رياضية.
step right up we had a winner,يوجد تقدم لدينا فائز
well have cos on post,سنحضر ضباط في المكان
theres a blue door,هناك باب أزرق
a document of the department's operations in the workplace,وثيقة عن عمليات الإدارة في مكان العمل
guano bowls,ذرق طائر
"two children are standing near a wall, one is holding the back of the other one",طفلان يقفان بالقرب من الجدار أحدهما يمسك بمؤخرة الآخر
